# vertex,pagerank
151,0.002991057
519,0.002912753
497,0.00288951
532,0.002760585
499,0.002697883
387,0.002625506
251,0.002610257
402,0.0025997
323,0.002593272
293,0.002592038
412,0.002567163
281,0.002539087
426,0.002526422
435,0.002489775
539,0.002484318
229,0.002476803
459,0.002472088
430,0.002465298
467,0.002453663
442,0.002449311
2002,0.002446773
457,0.002445997
514,0.002423336
518,0.002419666
417,0.002416966
3129,0.002415446
368,0.0023984
285,0.002395786
472,0.002384381
2006,0.002375534
432,0.002370276
312,0.002364303
128,0.002362571
490,0.002352376
537,0.002342323
347,0.002334614
265,0.002332786
523,0.00233175
297,0.002317908
284,0.00231574
410,0.0023125
474,0.002308202
161,0.002305028
237,0.002304712
301,0.002303859
83,0.002302322
401,0.00229845
195,0.002298082
359,0.002295215
268,0.002293235
517,0.002291196
465,0.002287164
382,0.002284128
507,0.002279417
3141,0.002269394
528,0.002265916
473,0.002264478
477,0.002257925
305,0.002253346
486,0.002250388
546,0.002249574
428,0.002247333
466,0.002243936
445,0.002227747
236,0.002223553
310,0.002222699
446,0.002221812
377,0.002208145
504,0.002206026
444,0.002202317
458,0.002200272
524,0.002197282
3002,0.002184809
540,0.002181213
2000,0.002181073
479,0.002172144
127,0.002171919
167,0.002169087
505,0.002167519
438,0.00216749
304,0.00216694
303,0.002166566
358,0.002163611
520,0.002160647
503,0.002156276
386,0.00215581
531,0.002150857
433,0.002149005
361,0.002148945
461,0.002147718
319,0.002146756
468,0.002143609
2012,0.002143598
327,0.002141926
527,0.002139599
173,0.002138742
491,0.002135343
484,0.002129778
496,0.002125654
492,0.002125587
385,0.002124852
2021,0.002124545
326,0.00212417
168,0.002123748
526,0.002122734
405,0.002118934
545,0.00211833
460,0.002116983
529,0.002111652
317,0.002107085
450,0.00210604
253,0.002103848
462,0.002100061
2010,0.002100051
380,0.00209205
379,0.002091659
439,0.002089739
476,0.002087937
483,0.002083211
3142,0.002075711
164,0.002053895
348,0.002051334
482,0.002046343
509,0.002046141
530,0.002039246
116,0.002034546
330,0.002033998
508,0.002033486
455,0.002029338
72,0.002021123
345,0.002019951
494,0.002014655
501,0.002003957
536,0.002003799
453,0.002002468
355,0.00200114
336,0.00199977
153,0.00199635
383,0.001980504
217,0.001979204
485,0.001978773
257,0.001974914
471,0.001974799
522,0.001972653
335,0.001969611
511,0.001966848
500,0.001964198
441,0.001962249
311,0.001961069
3016,0.001960534
487,0.001960305
174,0.001957725
488,0.001951437
212,0.001951045
3255,0.001947682
315,0.001946842
448,0.001944648
495,0.001936462
388,0.001933826
252,0.001933408
250,0.0019322
434,0.001930476
440,0.001929778
481,0.001926786
2003,0.001926478
325,0.001923482
147,0.001917738
498,0.001916902
350,0.00191585
334,0.001915192
521,0.001908906
391,0.001906086
307,0.001905801
320,0.001905546
3263,0.001904308
79,0.001900969
478,0.001899795
422,0.001896021
263,0.001895387
469,0.001894596
456,0.001890528
533,0.001890401
447,0.001884292
403,0.001880949
470,0.001880584
306,0.001877286
525,0.001869458
300,0.001863687
143,0.001859183
152,0.001852045
238,0.001848254
296,0.001847936
267,0.001839755
392,0.00183169
515,0.001830365
414,0.001830296
309,0.00182618
357,0.001824789
398,0.00182221
454,0.001814589
3224,0.001810787
369,0.001803735
394,0.001803563
280,0.001803557
360,0.001801951
346,0.001798467
3140,0.001798048
328,0.001792502
225,0.001790001
146,0.001789675
259,0.001785656
316,0.001784715
264,0.001782602
3147,0.001775943
375,0.001773136
2008,0.001771123
228,0.001762355
157,0.00176199
475,0.001757186
389,0.001754536
415,0.00175232
3233,0.001746942
274,0.001741536
279,0.001738287
423,0.001736218
396,0.001731024
363,0.001729244
254,0.001724754
376,0.00172468
2023,0.001720298
352,0.001718497
150,0.001718206
247,0.001714077
480,0.001713573
3158,0.001710858
406,0.001703589
516,0.001702498
3223,0.001701054
261,0.001695624
395,0.001683498
366,0.001683243
3593,0.001681529
3242,0.001679966
3427,0.001678411
2004,0.00167733
324,0.001676427
349,0.001673882
449,0.001673388
513,0.001669821
223,0.001669072
3164,0.001665706
3163,0.001656337
3167,0.001655587
493,0.00163192
3159,0.001630409
3137,0.001630031
3134,0.001629291
351,0.001628985
384,0.001620668
362,0.001620439
295,0.00161938
224,0.001617916
463,0.00161627
3409,0.001611787
3429,0.001601047
367,0.001597
321,0.00159432
337,0.001587347
3435,0.00157844
3443,0.001575016
502,0.001573378
2022,0.001571134
329,0.001569562
282,0.001568268
276,0.00156524
3093,0.001561451
510,0.001557039
294,0.001552311
390,0.001551008
393,0.00155081
258,0.001549244
3168,0.00153174
318,0.001531116
3107,0.001528479
427,0.001524134
3235,0.001523645
314,0.001523022
3145,0.001520337
243,0.001515965
249,0.001512683
489,0.001507198
3165,0.001506838
308,0.001502596
260,0.001493751
353,0.001490832
137,0.001490689
534,0.001485017
3132,0.001479309
3260,0.00147872
3256,0.001477493
3156,0.001473844
356,0.001473475
3244,0.001470526
3428,0.001465493
290,0.00145928
3349,0.001455437
3259,0.00145376
3173,0.001451347
411,0.001448951
3231,0.001448705
322,0.00144491
404,0.00143909
3440,0.001431494
3175,0.001419291
3143,0.001414268
3092,0.001413906
302,0.001402078
3166,0.001400933
313,0.001397396
3236,0.001377874
3177,0.001376636
242,0.001370885
365,0.001369986
160,0.001366895
3374,0.001366145
512,0.001364636
416,0.001361969
3232,0.001361784
3112,0.001359749
418,0.001353526
232,0.0013525
3087,0.001347091
2009,0.001338632
241,0.001338354
332,0.001338278
3402,0.00133464
3150,0.001332798
342,0.001331546
3064,0.001324335
3135,0.001324001
2017,0.001319978
420,0.001316302
343,0.001316203
3074,0.001310532
3383,0.001289692
437,0.001288955
397,0.001288875
3170,0.001287178
3516,0.001282063
3171,0.001277224
341,0.001276908
3160,0.001276357
3136,0.001275241
340,0.001270575
3243,0.00125937
3139,0.001258986
408,0.001256804
266,0.001253913
270,0.00124774
3119,0.001245599
3113,0.001239148
3178,0.001230913
407,0.001230054
144,0.001226011
291,0.001225101
248,0.001223846
3226,0.001218509
344,0.001214336
3162,0.001213083
3418,0.001212822
3172,0.001211032
3040,0.001208877
3239,0.001208877
400,0.001204623
3238,0.001202156
399,0.001201467
244,0.001200235
3169,0.001190504
3258,0.001186136
3176,0.001177631
3086,0.001176607
354,0.001169945
3083,0.001158611
409,0.001144981
3336,0.001138688
3082,0.001137143
3282,0.001135975
120,0.001135945
3126,0.001135834
331,0.001131208
3161,0.001124712
3368,0.00112452
3407,0.001122274
3101,0.001119058
278,0.001117577
3096,0.001115743
3085,0.001113965
82,0.001113762
3364,0.001112512
3431,0.001110127
3423,0.001109905
3382,0.001107692
436,0.00110446
3305,0.001103695
3416,0.001099805
262,0.001096061
3463,0.001094385
3360,0.001090838
3090,0.001087957
3151,0.001086812
3103,0.001085376
233,0.00108518
3148,0.001081539
3458,0.00107366
3124,0.001070128
3466,0.001066122
3146,0.00106593
3301,0.001065488
3288,0.001057105
364,0.001049535
3110,0.001044705
464,0.001037315
3398,0.001034484
3077,0.001031952
3118,0.001026759
3335,0.001024425
3373,0.001023685
3230,0.001023179
3403,0.001021084
3414,0.001019148
3295,0.001016715
538,0.001013739
3115,0.001010592
339,0.001008454
239,0.001004599
373,0.001002391
3109,0.000999586
3447,0.000998967
271,0.000998897
3461,0.000997453
3400,0.000997136
3314,0.000996068
3180,0.000995334
3116,0.000992998
3350,0.000992023
3372,0.000990973
298,0.000989764
3329,0.000983685
275,0.000978712
372,0.000977204
3222,0.000974004
3346,0.000971771
3459,0.00097008
419,0.000963806
3102,0.000959677
3318,0.00095947
3155,0.000959167
3361,0.000954284
3081,0.000954227
3108,0.000951797
3106,0.00095178
3285,0.000950139
3411,0.000946238
3104,0.000939505
3367,0.000937931
3323,0.000937755
3462,0.000935743
3517,0.000935181
3467,0.000932544
3472,0.000924267
3417,0.000923729
3286,0.000923271
3526,0.000922333
3354,0.000920926
3131,0.000914301
3453,0.000911996
3130,0.000907557
3078,0.000906699
216,0.000905974
3415,0.000902887
3067,0.000887977
3436,0.000886745
3641,0.000874554
3088,0.000871767
3293,0.000871759
3125,0.000865817
3396,0.000865317
3419,0.000862001
3324,0.000860542
3052,0.00086048
289,0.000860195
3117,0.0008588
3507,0.00085643
3073,0.000856182
3182,0.000854077
3307,0.000853791
3420,0.000852696
3408,0.000851608
3397,0.000850089
3321,0.000849929
3339,0.000848401
3094,0.000844018
3312,0.000842837
3121,0.000842557
3298,0.000841517
3422,0.000839578
3290,0.00083857
3384,0.00083762
3100,0.000835338
245,0.000834229
3389,0.00083325
3071,0.00083284
3410,0.000832493
3404,0.000832309
3122,0.000831282
3366,0.000830889
3378,0.000830246
3068,0.000827757
3319,0.000825846
3289,0.000823999
3530,0.000821498
3315,0.000821316
3331,0.00081891
3320,0.000817535
3042,0.000817074
443,0.000814419
3308,0.00081439
3079,0.000810959
3144,0.000808817
3300,0.000805994
3066,0.000799368
3055,0.000799217
421,0.00079859
3365,0.000795542
3376,0.000795385
3515,0.00079275
3049,0.000791115
3357,0.000790806
3221,0.000788681
3080,0.000787118
3377,0.000782572
3304,0.00078254
3351,0.000781882
3616,0.000776297
3362,0.000772647
3157,0.000771147
3474,0.000770976
3091,0.000767043
3058,0.00076544
3292,0.000762271
3529,0.00076179
3412,0.00076024
3152,0.00075934
3434,0.000758891
3111,0.000757529
3438,0.000753345
3076,0.000752608
3570,0.000750128
3386,0.000748248
3381,0.000746029
3432,0.000740516
3041,0.000739645
3341,0.000739238
3602,0.000736046
218,0.000735568
3105,0.000733404
3284,0.000732584
3588,0.000727222
3347,0.000725711
3057,0.000724634
3509,0.000723731
3390,0.000720676
3311,0.00071616
3370,0.000713675
3344,0.000712134
3413,0.000707927
3632,0.000707235
3356,0.000706342
3283,0.00070555
3454,0.000705453
3316,0.000704246
3047,0.000702687
3325,0.000697839
3046,0.00069741
3310,0.000697003
3619,0.000693785
3478,0.00069274
2001,0.000691637
3486,0.00069144
3084,0.000690918
3245,0.000688255
3249,0.00068802
3464,0.000687642
3072,0.000686171
3328,0.000685847
3348,0.000685599
3050,0.000682933
3127,0.000680032
3605,0.000679613
3313,0.000678128
3345,0.000677702
3294,0.000676291
3241,0.000675281
3056,0.000673611
3343,0.000672283
3095,0.000667244
3532,0.000666767
3246,0.00066316
3353,0.000663113
3379,0.000662339
3306,0.000659307
3405,0.000651888
3265,0.000650238
3430,0.000645503
3070,0.000645071
3556,0.000642513
3425,0.000642447
3063,0.000639022
3635,0.000638953
3614,0.000638755
3303,0.000637981
3388,0.000633167
3062,0.000624732
3387,0.000619154
3555,0.000618346
3053,0.00061174
3371,0.000611594
3054,0.000607868
3399,0.000606145
3599,0.00060497
3297,0.000604853
3254,0.000602704
3154,0.000602098
3153,0.000601169
3179,0.000599621
3479,0.000595841
3340,0.000593192
3595,0.000592856
3355,0.000591999
3592,0.000590743
3065,0.000590449
3643,0.000588571
3375,0.000584107
3610,0.000583457
3060,0.000579208
3568,0.000576916
3120,0.000576741
3518,0.000576459
3181,0.000575844
3069,0.000574233
3044,0.000572907
3455,0.000571661
3591,0.000571134
3322,0.00057087
3363,0.000565032
3547,0.000562874
3392,0.000559819
3493,0.000558423
3359,0.000554684
3342,0.000553194
3048,0.000553169
3457,0.000552721
3476,0.000551802
3123,0.000549652
3524,0.000548277
3075,0.000544828
3609,0.00054342
3576,0.000543273
3317,0.000542663
3234,0.000539079
3603,0.000537919
3264,0.00053422
3358,0.000531672
3611,0.000527924
3128,0.000525149
3338,0.000522794
3452,0.000516496
3043,0.000515867
3391,0.000514888
3589,0.000513091
119,0.000511693
3424,0.000511327
3497,0.000511046
3401,0.000507896
3369,0.000506574
3061,0.000504859
3523,0.000502328
3514,0.00049977
3564,0.00049952
3296,0.000498425
3528,0.000496001
3553,0.000492981
3534,0.000492224
3494,0.000491312
3332,0.000490465
3059,0.000487664
3326,0.000483479
3594,0.000479108
3098,0.000474501
3449,0.000473261
3542,0.000472132
431,0.000469005
3572,0.000460608
3510,0.000459284
3421,0.000457661
3496,0.000454845
3302,0.000454325
3637,0.000454183
3138,0.000451625
3560,0.000444574
3536,0.000441791
3521,0.000434418
3566,0.000432739
3445,0.000432678
3393,0.000430631
3309,0.000430524
3561,0.000430222
3099,0.000429017
3552,0.00042706
3617,0.000426659
3097,0.000424498
3511,0.000422713
3613,0.000420325
3437,0.000420174
3492,0.000415725
3219,0.000410936
3520,0.00041092
2005,0.00041033
3563,0.000410218
3508,0.000410061
3522,0.000409897
3581,0.000408881
3512,0.000405612
3562,0.000404371
3573,0.000403818
3549,0.000401255
3287,0.000401244
3580,0.000397877
3513,0.000396318
3489,0.000390806
3502,0.000390291
3558,0.000382113
3621,0.000382052
3114,0.000380995
3533,0.000380911
3538,0.000380796
3149,0.000380425
3469,0.000379889
3544,0.000377676
3575,0.000376244
3504,0.000373974
3531,0.000372081
3441,0.000372059
3330,0.000366518
3327,0.000366091
3490,0.000365635
3089,0.000364531
3615,0.000360424
3569,0.000359375
3584,0.000357703
3539,0.000357301
3554,0.000356573
3337,0.000354819
3545,0.000353375
3535,0.000352137
3618,0.000351046
3625,0.000345692
3456,0.000344021
3352,0.000343525
3598,0.000342885
3551,0.000342017
3395,0.000341084
3612,0.00033874
3257,0.000335522
3237,0.000331839
3333,0.000329899
3477,0.000329426
3500,0.000324863
3537,0.00032406
3577,0.0003209
3525,0.000320679
3597,0.000317767
3571,0.000315681
3499,0.000314958
3394,0.00031238
3252,0.000311797
3253,0.000311797
3541,0.000308812
3540,0.000307443
3586,0.000304216
3501,0.000300456
3291,0.000299803
3582,0.000299192
255,0.000298537
3644,0.000297056
3574,0.000293927
3546,0.000287349
3585,0.000282314
3642,0.000281826
3565,0.00027838
3648,0.000277269
3229,0.000266826
3503,0.000266627
3583,0.000264852
3654,0.000263941
3606,0.00026384
3587,0.000261953
3133,0.000261764
3491,0.000259072
3578,0.00024599
3601,0.000244739
3590,0.000244127
3622,0.000240527
3623,0.000238022
3505,0.000235592
3495,0.000234081
3498,0.000233049
3620,0.000232069
3548,0.000228432
3567,0.000227817
3579,0.000221558
3527,0.000215723
3604,0.000212467
3019,0.00021214
3596,0.00020674
3647,0.000206204
3250,0.000205268
3649,0.000201729
3559,0.00019876
3646,0.00019876
3468,0.000197344
3017,0.000191115
3240,0.000184402
3014,0.00017898
3450,0.00017898
3485,0.00017898
3506,0.00017898
3557,0.00017898
3607,0.00017898
3636,0.00017898
